/id,/label,/createdAt,/tags/id,/tags/captureSpeed,tags/gravityFilter,tags/averageFilter,/device/id,/device/androidId,/device/name,/device/manufacturer,/device/brand,/device/model,/device/accelerometerMaxRange,/device/accelerometerName,/device/accelerometerMinDelay,/device/gyroscopeMaxRange,/device/gyroscopeName,/device/gyroscopeMinDelay,/capturedData/id,/capturedData/accelerometerXAxis,/capturedData/accelerometerYAxis,/capturedData/accelerometerZAxis,/capturedData/minXAccelerometer,/capturedData/minYAccelerometer,/capturedData/minZAccelerometer,/capturedData/maxXAccelerometer,/capturedData/maxYAccelerometer,/capturedData/maxZAccelerometer,/capturedData/gyroscopeXAxis,/capturedData/gyroscopeYAxis,/capturedData/gyroscopeZAxis,/capturedData/minXGyroscope,/capturedData/minYGyroscope,/capturedData/minZGyroscope,/capturedData/maxXGyroscope,/capturedData/maxYGyroscope,/capturedData/maxZGyroscope,/capturedData/locationLatitude,/capturedData/locationLongitude,/capturedData/Speedkmh,/capturedData/avgSpeed,/capturedData/maxSpeed,/capturedData/createdAt
3,20kmh hard brake stop(0),2023-04-16T21:28:25.373+01:00,3,105.0,true,Mean Filter,1,2ccc978eef8e0f22,Pieter,samsung,samsung,SM-A515F,78.45320129394531,LSM6DSL Accelerometer,2000,17.45326042175293,LSM6DSL Gyroscope,2000,2663,0.25676554441452026,-0.2511310577392578,0.17468148469924927,-0.7989277839660645,-0.6902809143066406,-1.4492905139923096,0.9717086553573608,0.641667366027832,2.1400718688964844,-0.02015855349600315,0.05925392732024193,0.0403171069920063,-0.07880161702632904,-0.20830504596233368,-0.0403171069920063,0.09285151958465576,0.10934487730264664,0.0403171069920063,39.47343826293945,-8.21799087524414,19.799999237060547,17.299999237060547,19.799999237060547,2023-04-16T21:28:25.378+01:00
3,20kmh hard brake stop(0),2023-04-16T21:28:25.373+01:00,3,105.0,true,Mean Filter,1,2ccc978eef8e0f22,Pieter,samsung,samsung,SM-A515F,78.45320129394531,LSM6DSL Accelerometer,2000,17.45326042175293,LSM6DSL Gyroscope,2000,2664,-1.2154974937438965,0.37682533264160156,-0.13565582036972046,-1.2154974937438965,-0.6902809143066406,-1.4492905139923096,0.9717086553573608,0.641667366027832,2.1400718688964844,0.010995574295520782,-0.02321287989616394,0.05253441259264946,-0.07880161702632904,-0.20830504596233368,-0.0403171069920063,0.09285151958465576,0.10934487730264664,0.05253441259264946,39.47343826293945,-8.21799087524414,19.799999237060547,17.299999237060547,19.799999237060547,2023-04-16T21:28:25.483+01:00
3,20kmh hard brake stop(0),2023-04-16T21:28:25.373+01:00,3,105.0,true,Mean Filter,1,2ccc978eef8e0f22,Pieter,samsung,samsung,SM-A515F,78.45320129394531,LSM6DSL Accelerometer,2000,17.45326042175293,LSM6DSL Gyroscope,2000,2665,0.25468873977661133,1.0148906707763672,-0.0420340895652771,-1.2154974937438965,-0.6902809143066406,-1.4492905139923096,0.9717086553573608,1.0148906707763672,2.1400718688964844,-0.0403171069920063,-0.021991148591041565,0.02076941914856434,-0.07880161702632904,-0.20830504596233368,-0.0403171069920063,0.09285151958465576,0.10934487730264664,0.05253441259264946,39.47343826293945,-8.21799087524414,19.799999237060547,17.299999237060547,19.799999237060547,2023-04-16T21:28:25.589+01:00
3,20kmh hard brake stop(0),2023-04-16T21:28:25.373+01:00,3,105.0,true,Mean Filter,1,2ccc978eef8e0f22,Pieter,samsung,samsung,SM-A515F,78.45320129394531,LSM6DSL Accelerometer,2000,17.45326042175293,LSM6DSL Gyroscope,2000,2666,-0.027805089950561523,0.2542552947998047,-1.0935750007629395,-1.2154974937438965,-0.6902809143066406,-1.4492905139923096,0.9717086553573608,1.0148906707763672,2.1400718688964844,-0.10751228034496307,-0.1362229436635971,-0.027488935738801956,-0.10751228034496307,-0.20830504596233368,-0.0403171069920063,0.09285151958465576,0.10934487730264664,0.05253441259264946,39.47343826293945,-8.21799087524414,19.799999237060547,17.299999237060547,19.799999237060547,2023-04-16T21:28:25.695+01:00
3,20kmh hard brake stop(0),2023-04-16T21:28:25.373+01:00,3,105.0,true,Mean Filter,1,2ccc978eef8e0f22,Pieter,samsung,samsung,SM-A515F,78.45320129394531,LSM6DSL Accelerometer,2000,17.45326042175293,LSM6DSL Gyroscope,2000,2667,-0.26199236512184143,0.8740816116333008,-0.7398416996002197,-1.2154974937438965,-0.6902809143066406,-1.4492905139923096,0.9717086553573608,1.0148906707763672,2.1400718688964844,-0.0861319974064827,-0.02015855349600315,-0.015271631069481373,-0.10751228034496307,-0.20830504596233368,-0.0403171069920063,0.09285151958465576,0.10934487730264664,0.05253441259264946,39.47343826293945,-8.21799087524414,19.799999237060547,17.299999237060547,19.799999237060547,2023-04-16T21:28:25.800+01:00
3,20kmh hard brake stop(0),2023-04-16T21:28:25.373+01:00,3,105.0,true,Mean Filter,1,2ccc978eef8e0f22,Pieter,samsung,samsung,SM-A515F,78.45320129394531,LSM6DSL Accelerometer,2000,17.45326042175293,LSM6DSL Gyroscope,2000,2668,0.5621475577354431,0.20081043243408203,-0.3902794122695923,-1.2154974937438965,-0.6902809143066406,-1.4492905139923096,0.9717086553573608,1.0148906707763672,2.1400718688964844,-0.0659734457731247,-0.00733038317412138,-0.00855211354792118,-0.10751228034496307,-0.20830504596233368,-0.0403171069920063,0.09285151958465576,0.10934487730264664,0.05253441259264946,39.47343826293945,-8.21799087524414,19.799999237060547,17.299999237060547,19.799999237060547,2023-04-16T21:28:25.906+01:00
3,20kmh hard brake stop(0),2023-04-16T21:28:25.373+01:00,3,105.0,true,Mean Filter,1,2ccc978eef8e0f22,Pieter,samsung,samsung,SM-A515F,78.45320129394531,LSM6DSL Accelerometer,2000,17.45326042175293,LSM6DSL Gyroscope,2000,2669,0.21747398376464844,-0.7071676254272461,1.1789743900299072,-1.2154974937438965,-0.7071676254272461,-1.4492905139923096,0.9717086553573608,1.0148906707763672,2.1400718688964844,-0.03237585723400116,-0.029932396486401558,6.108650122769177E-4,-0.10751228034496307,-0.20830504596233368,-0.0403171069920063,0.09285151958465576,0.10934487730264664,0.05253441259264946,39.47343826293945,-8.21799087524414,19.799999237060547,17.299999237060547,19.799999237060547,2023-04-16T21:28:26.010+01:00
3,20kmh hard brake stop(0),2023-04-16T21:28:25.373+01:00,3,105.0,true,Mean Filter,1,2ccc978eef8e0f22,Pieter,samsung,samsung,SM-A515F,78.45320129394531,LSM6DSL Accelerometer,2000,17.45326042175293,LSM6DSL Gyroscope,2000,2670,-0.6152931451797485,-0.6984348297119141,1.055312156677246,-1.2154974937438965,-0.7071676254272461,-1.4492905139923096,0.9717086553573608,1.0148906707763672,2.1400718688964844,0.025045474991202354,-0.0757472887635231,0.012217304669320583,-0.10751228034496307,-0.20830504596233368,-0.0403171069920063,0.09285151958465576,0.10934487730264664,0.05253441259264946,39.47343826293945,-8.21799087524414,19.799999237060547,17.299999237060547,19.799999237060547,2023-04-16T21:28:26.116+01:00
3,20kmh hard brake stop(0),2023-04-16T21:28:25.373+01:00,3,105.0,true,Mean Filter,1,2ccc978eef8e0f22,Pieter,samsung,samsung,SM-A515F,78.45320129394531,LSM6DSL Accelerometer,2000,17.45326042175293,LSM6DSL Gyroscope,2000,2671,0.14007657766342163,-0.2723712921142578,0.1678881049156189,-1.2154974937438965,-0.7071676254272461,-1.4492905139923096,0.9717086553573608,1.0148906707763672,2.1400718688964844,0.03298672288656235,0.0012217300245538354,-0.02015855349600315,-0.10751228034496307,-0.20830504596233368,-0.0403171069920063,0.09285151958465576,0.10934487730264664,0.05253441259264946,39.47343826293945,-8.21799087524414,19.799999237060547,17.299999237060547,19.799999237060547,2023-04-16T21:28:26.222+01:00
3,20kmh hard brake stop(0),2023-04-16T21:28:25.373+01:00,3,105.0,true,Mean Filter,1,2ccc978eef8e0f22,Pieter,samsung,samsung,SM-A515F,78.45320129394531,LSM6DSL Accelerometer,2000,17.45326042175293,LSM6DSL Gyroscope,2000,2672,-0.35117316246032715,0.7071933746337891,-0.3526543378829956,-1.2154974937438965,-0.7071676254272461,-1.4492905139923096,0.9717086553573608,1.0148906707763672,2.1400718688964844,0.012217304669320583,-0.022602014243602753,-0.013439035043120384,-0.10751228034496307,-0.20830504596233368,-0.0403171069920063,0.09285151958465576,0.10934487730264664,0.05253441259264946,39.47340774536133,-8.218047142028809,20.100000381469727,17.799999237060547,20.100000381469727,2023-04-16T21:28:26.326+01:00
3,20kmh hard brake stop(0),2023-04-16T21:28:25.373+01:00,3,105.0,true,Mean Filter,1,2ccc978eef8e0f22,Pieter,samsung,samsung,SM-A515F,78.45320129394531,LSM6DSL Accelerometer,2000,17.45326042175293,LSM6DSL Gyroscope,2000,2673,0.3416556715965271,1.070077896118164,-0.49827802181243896,-1.2154974937438965,-0.7071676254272461,-1.4492905139923096,0.9717086553573608,1.070077896118164,2.1400718688964844,-0.05864306539297104,-0.0036651920527219772,-0.02015855349600315,-0.10751228034496307,-0.20830504596233368,-0.0403171069920063,0.09285151958465576,0.10934487730264664,0.05253441259264946,39.47340774536133,-8.218047142028809,20.100000381469727,17.799999237060547,20.100000381469727,2023-04-16T21:28:26.432+01:00
3,20kmh hard brake stop(0),2023-04-16T21:28:25.373+01:00,3,105.0,true,Mean Filter,1,2ccc978eef8e0f22,Pieter,samsung,samsung,SM-A515F,78.45320129394531,LSM6DSL Accelerometer,2000,17.45326042175293,LSM6DSL Gyroscope,2000,2674,0.24834990501403809,0.3320188522338867,0.6286007165908813,-1.2154974937438965,-0.7071676254272461,-1.4492905139923096,0.9717086553573608,1.070077896118164,2.1400718688964844,-0.00733038317412138,-0.13500121235847473,-0.007941247895359993,-0.10751228034496307,-0.20830504596233368,-0.0403171069920063,0.09285151958465576,0.10934487730264664,0.05253441259264946,39.47340774536133,-8.218047142028809,20.100000381469727,17.799999237060547,20.100000381469727,2023-04-16T21:28:26.542+01:00
3,20kmh hard brake stop(0),2023-04-16T21:28:25.373+01:00,3,105.0,true,Mean Filter,1,2ccc978eef8e0f22,Pieter,samsung,samsung,SM-A515F,78.45320129394531,LSM6DSL Accelerometer,2000,17.45326042175293,LSM6DSL Gyroscope,2000,2675,-0.09227967262268066,-0.4891071319580078,-0.17768239974975586,-1.2154974937438965,-0.7071676254272461,-1.4492905139923096,0.9717086553573608,1.070077896118164,2.1400718688964844,0.06902777403593063,-0.01710422709584236,-0.02076941914856434,-0.10751228034496307,-0.20830504596233368,-0.0403171069920063,0.09285151958465576,0.10934487730264664,0.05253441259264946,39.47340774536133,-8.218047142028809,20.100000381469727,17.799999237060547,20.100000381469727,2023-04-16T21:28:26.652+01:00
3,20kmh hard brake stop(0),2023-04-16T21:28:25.373+01:00,3,105.0,true,Mean Filter,1,2ccc978eef8e0f22,Pieter,samsung,samsung,SM-A515F,78.45320129394531,LSM6DSL Accelerometer,2000,17.45326042175293,LSM6DSL Gyroscope,2000,2676,-0.02438303828239441,-1.0855932235717773,0.6992354393005371,-1.2154974937438965,-1.0855932235717773,-1.4492905139923096,0.9717086553573608,1.070077896118164,2.1400718688964844,0.07635815441608429,0.036651913076639175,0.00733038317412138,-0.10751228034496307,-0.20830504596233368,-0.0403171069920063,0.09285151958465576,0.10934487730264664,0.05253441259264946,39.47340774536133,-8.218047142028809,20.100000381469727,17.799999237060547,20.100000381469727,2023-04-16T21:28:26.769+01:00
3,20kmh hard brake stop(0),2023-04-16T21:28:25.373+01:00,3,105.0,true,Mean Filter,1,2ccc978eef8e0f22,Pieter,samsung,samsung,SM-A515F,78.45320129394531,LSM6DSL Accelerometer,2000,17.45326042175293,LSM6DSL Gyroscope,2000,2677,0.5687789916992188,-0.1452188491821289,-0.5979419350624084,-1.2154974937438965,-1.0855932235717773,-1.4492905139923096,0.9717086553573608,1.070077896118164,2.1400718688964844,0.03298672288656235,0.036651913076639175,-0.03298672288656235,-0.10751228034496307,-0.20830504596233368,-0.0403171069920063,0.09285151958465576,0.10934487730264664,0.05253441259264946,39.47340774536133,-8.218047142028809,20.100000381469727,17.799999237060547,20.100000381469727,2023-04-16T21:28:26.885+01:00
3,20kmh hard brake stop(0),2023-04-16T21:28:25.373+01:00,3,105.0,true,Mean Filter,1,2ccc978eef8e0f22,Pieter,samsung,samsung,SM-A515F,78.45320129394531,LSM6DSL Accelerometer,2000,17.45326042175293,LSM6DSL Gyroscope,2000,2678,0.35667529702186584,0.79559326171875,-0.37876611948013306,-1.2154974937438965,-1.0855932235717773,-1.4492905139923096,0.9717086553573608,1.070077896118164,2.1400718688964844,-0.07269296050071716,-0.02687807008624077,-0.009773843921720982,-0.10751228034496307,-0.20830504596233368,-0.0403171069920063,0.09285151958465576,0.10934487730264664,0.05253441259264946,39.47340774536133,-8.218047142028809,20.100000381469727,17.799999237060547,20.100000381469727,2023-04-16T21:28:27.013+01:00
3,20kmh hard brake stop(0),2023-04-16T21:28:25.373+01:00,3,105.0,true,Mean Filter,1,2ccc978eef8e0f22,Pieter,samsung,samsung,SM-A515F,78.45320129394531,LSM6DSL Accelerometer,2000,17.45326042175293,LSM6DSL Gyroscope,2000,2679,0.7107937335968018,-0.004124640952795744,1.3723175525665283,-1.2154974937438965,-1.0855932235717773,-1.4492905139923096,0.9717086553573608,1.070077896118164,2.1400718688964844,0.021991148591041565,0.07513642311096191,-0.025045474991202354,-0.10751228034496307,-0.20830504596233368,-0.0403171069920063,0.09285151958465576,0.10934487730264664,0.05253441259264946,39.47340774536133,-8.218047142028809,20.100000381469727,17.799999237060547,20.100000381469727,2023-04-16T21:28:27.131+01:00
3,20kmh hard brake stop(0),2023-04-16T21:28:25.373+01:00,3,105.0,true,Mean Filter,1,2ccc978eef8e0f22,Pieter,samsung,samsung,SM-A515F,78.45320129394531,LSM6DSL Accelerometer,2000,17.45326042175293,LSM6DSL Gyroscope,2000,2680,0.13576075434684753,-0.11338424682617188,-0.22728604078292847,-1.2154974937438965,-1.0855932235717773,-1.4492905139923096,0.9717086553573608,1.070077896118164,2.1400718688964844,-0.015271631069481373,0.012828170321881771,0.003054325934499502,-0.10751228034496307,-0.20830504596233368,-0.0403171069920063,0.09285151958465576,0.10934487730264664,0.05253441259264946,39.47340774536133,-8.218047142028809,20.100000381469727,17.799999237060547,20.100000381469727,2023-04-16T21:28:27.255+01:00
3,20kmh hard brake stop(0),2023-04-16T21:28:25.373+01:00,3,105.0,true,Mean Filter,1,2ccc978eef8e0f22,Pieter,samsung,samsung,SM-A515F,78.45320129394531,LSM6DSL Accelerometer,2000,17.45326042175293,LSM6DSL Gyroscope,2000,2681,-0.04394406080245972,0.7517795562744141,0.3529167175292969,-1.2154974937438965,-1.0855932235717773,-1.4492905139923096,0.9717086553573608,1.070077896118164,2.1400718688964844,-0.01160643994808197,-0.07635815441608429,0.015882495790719986,-0.10751228034496307,-0.20830504596233368,-0.0403171069920063,0.09285151958465576,0.10934487730264664,0.05253441259264946,39.47336959838867,-8.218093872070312,20.600000381469727,18.299999237060547,20.600000381469727,2023-04-16T21:28:27.367+01:00
3,20kmh hard brake stop(0),2023-04-16T21:28:25.373+01:00,3,105.0,true,Mean Filter,1,2ccc978eef8e0f22,Pieter,samsung,samsung,SM-A515F,78.45320129394531,LSM6DSL Accelerometer,2000,17.45326042175293,LSM6DSL Gyroscope,2000,2682,0.08111000061035156,0.2862052917480469,-0.8606815934181213,-1.2154974937438965,-1.0855932235717773,-1.4492905139923096,0.9717086553573608,1.070077896118164,2.1400718688964844,-0.04642575979232788,-0.1007927656173706,-0.01160643994808197,-0.10751228034496307,-0.20830504596233368,-0.0403171069920063,0.09285151958465576,0.10934487730264664,0.05253441259264946,39.47336959838867,-8.218093872070312,20.600000381469727,18.299999237060547,20.600000381469727,2023-04-16T21:28:27.479+01:00
3,20kmh hard brake stop(0),2023-04-16T21:28:25.373+01:00,3,105.0,true,Mean Filter,1,2ccc978eef8e0f22,Pieter,samsung,samsung,SM-A515F,78.45320129394531,LSM6DSL Accelerometer,2000,17.45326042175293,LSM6DSL Gyroscope,2000,2683,-0.5637059211730957,-0.03119373321533203,0.852560818195343,-1.2154974937438965,-1.0855932235717773,-1.4492905139923096,0.9717086553573608,1.070077896118164,2.1400718688964844,-0.00733038317412138,-0.02321287989616394,-0.02321287989616394,-0.10751228034496307,-0.20830504596233368,-0.0403171069920063,0.09285151958465576,0.10934487730264664,0.05253441259264946,39.47336959838867,-8.218093872070312,20.600000381469727,18.299999237060547,20.600000381469727,2023-04-16T21:28:27.596+01:00
3,20kmh hard brake stop(0),2023-04-16T21:28:25.373+01:00,3,105.0,true,Mean Filter,1,2ccc978eef8e0f22,Pieter,samsung,samsung,SM-A515F,78.45320129394531,LSM6DSL Accelerometer,2000,17.45326042175293,LSM6DSL Gyroscope,2000,2684,-0.23204994201660156,-0.09078502655029297,0.9636685848236084,-1.2154974937438965,-1.0855932235717773,-1.4492905139923096,0.9717086553573608,1.070077896118164,2.1400718688964844,0.11423180252313614,0.0018325960263609886,-0.0024434609804302454,-0.10751228034496307,-0.20830504596233368,-0.0403171069920063,0.11423180252313614,0.10934487730264664,0.05253441259264946,39.47336959838867,-8.218093872070312,20.600000381469727,18.299999237060547,20.600000381469727,2023-04-16T21:28:27.704+01:00
3,20kmh hard brake stop(0),2023-04-16T21:28:25.373+01:00,3,105.0,true,Mean Filter,1,2ccc978eef8e0f22,Pieter,samsung,samsung,SM-A515F,78.45320129394531,LSM6DSL Accelerometer,2000,17.45326042175293,LSM6DSL Gyroscope,2000,2685,0.7200044393539429,0.27849674224853516,-0.13162845373153687,-1.2154974937438965,-1.0855932235717773,-1.4492905139923096,0.9717086553573608,1.070077896118164,2.1400718688964844,-0.013439035043120384,0.059864792972803116,-0.039095375686883926,-0.10751228034496307,-0.20830504596233368,-0.0403171069920063,0.11423180252313614,0.10934487730264664,0.05253441259264946,39.47336959838867,-8.218093872070312,20.600000381469727,18.299999237060547,20.600000381469727,2023-04-16T21:28:27.816+01:00
3,20kmh hard brake stop(0),2023-04-16T21:28:25.373+01:00,3,105.0,true,Mean Filter,1,2ccc978eef8e0f22,Pieter,samsung,samsung,SM-A515F,78.45320129394531,LSM6DSL Accelerometer,2000,17.45326042175293,LSM6DSL Gyroscope,2000,2686,-0.059581458568573,0.10879993438720703,-0.8767793774604797,-1.2154974937438965,-1.0855932235717773,-1.4492905139923096,0.9717086553573608,1.070077896118164,2.1400718688964844,-0.0403171069920063,-0.06963863968849182,0.018936822190880775,-0.10751228034496307,-0.20830504596233368,-0.0403171069920063,0.11423180252313614,0.10934487730264664,0.05253441259264946,39.47336959838867,-8.218093872070312,20.600000381469727,18.299999237060547,20.600000381469727,2023-04-16T21:28:27.927+01:00
3,20kmh hard brake stop(0),2023-04-16T21:28:25.373+01:00,3,105.0,true,Mean Filter,1,2ccc978eef8e0f22,Pieter,samsung,samsung,SM-A515F,78.45320129394531,LSM6DSL Accelerometer,2000,17.45326042175293,LSM6DSL Gyroscope,2000,2687,-0.44932955503463745,0.02725505828857422,0.7331717014312744,-1.2154974937438965,-1.0855932235717773,-1.4492905139923096,0.9717086553573608,1.070077896118164,2.1400718688964844,-0.027488935738801956,-0.06230825558304787,0.02015855349600315,-0.10751228034496307,-0.20830504596233368,-0.0403171069920063,0.11423180252313614,0.10934487730264664,0.05253441259264946,39.47336959838867,-8.218093872070312,20.600000381469727,18.299999237060547,20.600000381469727,2023-04-16T21:28:28.038+01:00
3,20kmh hard brake stop(0),2023-04-16T21:28:25.373+01:00,3,105.0,true,Mean Filter,1,2ccc978eef8e0f22,Pieter,samsung,samsung,SM-A515F,78.45320129394531,LSM6DSL Accelerometer,2000,17.45326042175293,LSM6DSL Gyroscope,2000,2688,-0.13050036132335663,0.31859493255615234,-0.0772942304611206,-1.2154974937438965,-1.0855932235717773,-1.4492905139923096,0.9717086553573608,1.070077896118164,2.1400718688964844,0.00427605677396059,0.006108651868999004,-0.0018325960263609886,-0.10751228034496307,-0.20830504596233368,-0.0403171069920063,0.11423180252313614,0.10934487730264664,0.05253441259264946,39.47336959838867,-8.218093872070312,20.600000381469727,18.299999237060547,20.600000381469727,2023-04-16T21:28:28.147+01:00
3,20kmh hard brake stop(0),2023-04-16T21:28:25.373+01:00,3,105.0,true,Mean Filter,1,2ccc978eef8e0f22,Pieter,samsung,samsung,SM-A515F,78.45320129394531,LSM6DSL Accelerometer,2000,17.45326042175293,LSM6DSL Gyroscope,2000,2689,-0.2330363243818283,0.05099201202392578,-0.5280051231384277,-1.2154974937438965,-1.0855932235717773,-1.4492905139923096,0.9717086553573608,1.070077896118164,2.1400718688964844,0.01466076634824276,0.012828170321881771,-0.02871066704392433,-0.10751228034496307,-0.20830504596233368,-0.0403171069920063,0.11423180252313614,0.10934487730264664,0.05253441259264946,39.47336959838867,-8.218093872070312,20.600000381469727,18.299999237060547,20.600000381469727,2023-04-16T21:28:28.258+01:00
3,20kmh hard brake stop(0),2023-04-16T21:28:25.373+01:00,3,105.0,true,Mean Filter,1,2ccc978eef8e0f22,Pieter,samsung,samsung,SM-A515F,78.45320129394531,LSM6DSL Accelerometer,2000,17.45326042175293,LSM6DSL Gyroscope,2000,2690,-0.07327479124069214,0.34964752197265625,0.22806817293167114,-1.2154974937438965,-1.0855932235717773,-1.4492905139923096,0.9717086553573608,1.070077896118164,2.1400718688964844,-0.015882495790719986,-0.004886921960860491,0.010995574295520782,-0.10751228034496307,-0.20830504596233368,-0.0403171069920063,0.11423180252313614,0.10934487730264664,0.05253441259264946,39.473331451416016,-8.21814250946045,20.899999618530273,18.700000762939453,20.899999618530273,2023-04-16T21:28:28.367+01:00
3,20kmh hard brake stop(0),2023-04-16T21:28:25.373+01:00,3,105.0,true,Mean Filter,1,2ccc978eef8e0f22,Pieter,samsung,samsung,SM-A515F,78.45320129394531,LSM6DSL Accelerometer,2000,17.45326042175293,LSM6DSL Gyroscope,2000,2691,0.05170300602912903,0.37961864471435547,1.1151965856552124,-1.2154974937438965,-1.0855932235717773,-1.4492905139923096,0.9717086553573608,1.070077896118164,2.1400718688964844,-0.010995574295520782,-0.03848451003432274,0.009773843921720982,-0.10751228034496307,-0.20830504596233368,-0.0403171069920063,0.11423180252313614,0.10934487730264664,0.05253441259264946,39.473331451416016,-8.21814250946045,20.899999618530273,18.700000762939453,20.899999618530273,2023-04-16T21:28:28.479+01:00
3,20kmh hard brake stop(0),2023-04-16T21:28:25.373+01:00,3,105.0,true,Mean Filter,1,2ccc978eef8e0f22,Pieter,samsung,samsung,SM-A515F,78.45320129394531,LSM6DSL Accelerometer,2000,17.45326042175293,LSM6DSL Gyroscope,2000,2692,0.357003778219223,-0.30530452728271484,0.23380059003829956,-1.2154974937438965,-1.0855932235717773,-1.4492905139923096,0.9717086553573608,1.070077896118164,2.1400718688964844,-0.00855211354792118,-0.11667526513338089,0.015882495790719986,-0.10751228034496307,-0.20830504596233368,-0.0403171069920063,0.11423180252313614,0.10934487730264664,0.05253441259264946,39.473331451416016,-8.21814250946045,20.899999618530273,18.700000762939453,20.899999618530273,2023-04-16T21:28:28.590+01:00
3,20kmh hard brake stop(0),2023-04-16T21:28:25.373+01:00,3,105.0,true,Mean Filter,1,2ccc978eef8e0f22,Pieter,samsung,samsung,SM-A515F,78.45320129394531,LSM6DSL Accelerometer,2000,17.45326042175293,LSM6DSL Gyroscope,2000,2693,0.22287148237228394,-0.20793437957763672,-0.27475863695144653,-1.2154974937438965,-1.0855932235717773,-1.4492905139923096,0.9717086553573608,1.070077896118164,2.1400718688964844,-0.009162978269159794,-0.006108651868999004,-0.01466076634824276,-0.10751228034496307,-0.20830504596233368,-0.0403171069920063,0.11423180252313614,0.10934487730264664,0.05253441259264946,39.473331451416016,-8.21814250946045,20.899999618530273,18.700000762939453,20.899999618530273,2023-04-16T21:28:28.715+01:00
3,20kmh hard brake stop(0),2023-04-16T21:28:25.373+01:00,3,105.0,true,Mean Filter,1,2ccc978eef8e0f22,Pieter,samsung,samsung,SM-A515F,78.45320129394531,LSM6DSL Accelerometer,2000,17.45326042175293,LSM6DSL Gyroscope,2000,2694,-0.05273878574371338,0.3444976806640625,0.11219143867492676,-1.2154974937438965,-1.0855932235717773,-1.4492905139923096,0.9717086553573608,1.070077896118164,2.1400718688964844,0.042760565876960754,-0.09712757170200348,-0.00855211354792118,-0.10751228034496307,-0.20830504596233368,-0.0403171069920063,0.11423180252313614,0.10934487730264664,0.05253441259264946,39.473331451416016,-8.21814250946045,20.899999618530273,18.700000762939453,20.899999618530273,2023-04-16T21:28:28.829+01:00
3,20kmh hard brake stop(0),2023-04-16T21:28:25.373+01:00,3,105.0,true,Mean Filter,1,2ccc978eef8e0f22,Pieter,samsung,samsung,SM-A515F,78.45320129394531,LSM6DSL Accelerometer,2000,17.45326042175293,LSM6DSL Gyroscope,2000,2695,-0.23539838194847107,-0.1653900146484375,-0.8144932389259338,-1.2154974937438965,-1.0855932235717773,-1.4492905139923096,0.9717086553573608,1.070077896118164,2.1400718688964844,-0.04214970022439957,-0.02932153269648552,0.02015855349600315,-0.10751228034496307,-0.20830504596233368,-0.0403171069920063,0.11423180252313614,0.10934487730264664,0.05253441259264946,39.473331451416016,-8.21814250946045,20.899999618530273,18.700000762939453,20.899999618530273,2023-04-16T21:28:28.945+01:00
3,20kmh hard brake stop(0),2023-04-16T21:28:25.373+01:00,3,105.0,true,Mean Filter,1,2ccc978eef8e0f22,Pieter,samsung,samsung,SM-A515F,78.45320129394531,LSM6DSL Accelerometer,2000,17.45326042175293,LSM6DSL Gyroscope,2000,2696,0.26922640204429626,0.42187976837158203,0.6550748944282532,-1.2154974937438965,-1.0855932235717773,-1.4492905139923096,0.9717086553573608,1.070077896118164,2.1400718688964844,0.033597588539123535,0.03481931984424591,-0.02076941914856434,-0.10751228034496307,-0.20830504596233368,-0.0403171069920063,0.11423180252313614,0.10934487730264664,0.05253441259264946,39.473331451416016,-8.21814250946045,20.899999618530273,18.700000762939453,20.899999618530273,2023-04-16T21:28:29.055+01:00
3,20kmh hard brake stop(0),2023-04-16T21:28:25.373+01:00,3,105.0,true,Mean Filter,1,2ccc978eef8e0f22,Pieter,samsung,samsung,SM-A515F,78.45320129394531,LSM6DSL Accelerometer,2000,17.45326042175293,LSM6DSL Gyroscope,2000,2697,-0.34412264823913574,0.2650012969970703,0.8065963387489319,-1.2154974937438965,-1.0855932235717773,-1.4492905139923096,0.9717086553573608,1.070077896118164,2.1400718688964844,0.010995574295520782,0.021991148591041565,0.027488935738801956,-0.10751228034496307,-0.20830504596233368,-0.0403171069920063,0.11423180252313614,0.10934487730264664,0.05253441259264946,39.473331451416016,-8.21814250946045,20.899999618530273,18.700000762939453,20.899999618530273,2023-04-16T21:28:29.166+01:00
3,20kmh hard brake stop(0),2023-04-16T21:28:25.373+01:00,3,105.0,true,Mean Filter,1,2ccc978eef8e0f22,Pieter,samsung,samsung,SM-A515F,78.45320129394531,LSM6DSL Accelerometer,2000,17.45326042175293,LSM6DSL Gyroscope,2000,2698,0.05349630117416382,0.10012626647949219,-0.5463852882385254,-1.2154974937438965,-1.0855932235717773,-1.4492905139923096,0.9717086553573608,1.070077896118164,2.1400718688964844,-0.06108652427792549,-0.003054325934499502,0.0,-0.10751228034496307,-0.20830504596233368,-0.0403171069920063,0.11423180252313614,0.10934487730264664,0.05253441259264946,39.473331451416016,-8.21814250946045,20.899999618530273,18.700000762939453,20.899999618530273,2023-04-16T21:28:29.274+01:00
3,20kmh hard brake stop(0),2023-04-16T21:28:25.373+01:00,3,105.0,true,Mean Filter,1,2ccc978eef8e0f22,Pieter,samsung,samsung,SM-A515F,78.45320129394531,LSM6DSL Accelerometer,2000,17.45326042175293,LSM6DSL Gyroscope,2000,2699,0.30006343126296997,0.046769142150878906,-0.5846954584121704,-1.2154974937438965,-1.0855932235717773,-1.4492905139923096,0.9717086553573608,1.070077896118164,2.1400718688964844,0.0036651920527219772,-0.00427605677396059,-0.012217304669320583,-0.10751228034496307,-0.20830504596233368,-0.0403171069920063,0.11423180252313614,0.10934487730264664,0.05253441259264946,39.473289489746094,-8.218198776245117,21.299999237060547,19.0,21.299999237060547,2023-04-16T21:28:29.385+01:00
3,20kmh hard brake stop(0),2023-04-16T21:28:25.373+01:00,3,105.0,true,Mean Filter,1,2ccc978eef8e0f22,Pieter,samsung,samsung,SM-A515F,78.45320129394531,LSM6DSL Accelerometer,2000,17.45326042175293,LSM6DSL Gyroscope,2000,2700,0.4086918830871582,0.0012950899545103312,-0.41920214891433716,-1.2154974937438965,-1.0855932235717773,-1.4492905139923096,0.9717086553573608,1.070077896118164,2.1400718688964844,0.0354301854968071,-0.01710422709584236,-0.0012217300245538354,-0.10751228034496307,-0.20830504596233368,-0.0403171069920063,0.11423180252313614,0.10934487730264664,0.05253441259264946,39.473289489746094,-8.218198776245117,21.299999237060547,19.0,21.299999237060547,2023-04-16T21:28:29.495+01:00
3,20kmh hard brake stop(0),2023-04-16T21:28:25.373+01:00,3,105.0,true,Mean Filter,1,2ccc978eef8e0f22,Pieter,samsung,samsung,SM-A515F,78.45320129394531,LSM6DSL Accelerometer,2000,17.45326042175293,LSM6DSL Gyroscope,2000,2701,0.7787506580352783,0.43720245361328125,0.411152720451355,-1.2154974937438965,-1.0855932235717773,-1.4492905139923096,0.9717086553573608,1.070077896118164,2.1400718688964844,0.02626720629632473,-0.02687807008624077,-0.009162978269159794,-0.10751228034496307,-0.20830504596233368,-0.0403171069920063,0.11423180252313614,0.10934487730264664,0.05253441259264946,39.473289489746094,-8.218198776245117,21.299999237060547,19.0,21.299999237060547,2023-04-16T21:28:29.609+01:00
3,20kmh hard brake stop(0),2023-04-16T21:28:25.373+01:00,3,105.0,true,Mean Filter,1,2ccc978eef8e0f22,Pieter,samsung,samsung,SM-A515F,78.45320129394531,LSM6DSL Accelerometer,2000,17.45326042175293,LSM6DSL Gyroscope,2000,2702,-0.39490005373954773,0.1431884765625,1.0815343856811523,-1.2154974937438965,-1.0855932235717773,-1.4492905139923096,0.9717086553573608,1.070077896118164,2.1400718688964844,0.03726277872920036,-0.08124507963657379,0.012217304669320583,-0.10751228034496307,-0.20830504596233368,-0.0403171069920063,0.11423180252313614,0.10934487730264664,0.05253441259264946,39.473289489746094,-8.218198776245117,21.299999237060547,19.0,21.299999237060547,2023-04-16T21:28:29.719+01:00
3,20kmh hard brake stop(0),2023-04-16T21:28:25.373+01:00,3,105.0,true,Mean Filter,1,2ccc978eef8e0f22,Pieter,samsung,samsung,SM-A515F,78.45320129394531,LSM6DSL Accelerometer,2000,17.45326042175293,LSM6DSL Gyroscope,2000,2703,0.19329586625099182,-0.5662870407104492,0.7311323285102844,-1.2154974937438965,-1.0855932235717773,-1.4492905139923096,0.9717086553573608,1.070077896118164,2.1400718688964844,-0.02015855349600315,-0.02015855349600315,0.01038470957428217,-0.10751228034496307,-0.20830504596233368,-0.0403171069920063,0.11423180252313614,0.10934487730264664,0.05253441259264946,39.473289489746094,-8.218198776245117,21.299999237060547,19.0,21.299999237060547,2023-04-16T21:28:29.839+01:00
3,20kmh hard brake stop(0),2023-04-16T21:28:25.373+01:00,3,105.0,true,Mean Filter,1,2ccc978eef8e0f22,Pieter,samsung,samsung,SM-A515F,78.45320129394531,LSM6DSL Accelerometer,2000,17.45326042175293,LSM6DSL Gyroscope,2000,2704,0.03356003761291504,-0.07897377014160156,0.2781254053115845,-1.2154974937438965,-1.0855932235717773,-1.4492905139923096,0.9717086553573608,1.070077896118164,2.1400718688964844,-0.02076941914856434,-0.04886921867728233,0.003054325934499502,-0.10751228034496307,-0.20830504596233368,-0.0403171069920063,0.11423180252313614,0.10934487730264664,0.05253441259264946,39.473289489746094,-8.218198776245117,21.299999237060547,19.0,21.299999237060547,2023-04-16T21:28:29.959+01:00
3,20kmh hard brake stop(0),2023-04-16T21:28:25.373+01:00,3,105.0,true,Mean Filter,1,2ccc978eef8e0f22,Pieter,samsung,samsung,SM-A515F,78.45320129394531,LSM6DSL Accelerometer,2000,17.45326042175293,LSM6DSL Gyroscope,2000,2705,-0.8737609386444092,0.1891336441040039,-0.517916202545166,-1.2154974937438965,-1.0855932235717773,-1.4492905139923096,0.9717086553573608,1.070077896118164,2.1400718688964844,-0.021380282938480377,-0.08246681094169617,-0.0024434609804302454,-0.10751228034496307,-0.20830504596233368,-0.0403171069920063,0.11423180252313614,0.10934487730264664,0.05253441259264946,39.473289489746094,-8.218198776245117,21.299999237060547,19.0,21.299999237060547,2023-04-16T21:28:30.069+01:00
3,20kmh hard brake stop(0),2023-04-16T21:28:25.373+01:00,3,105.0,true,Mean Filter,1,2ccc978eef8e0f22,Pieter,samsung,samsung,SM-A515F,78.45320129394531,LSM6DSL Accelerometer,2000,17.45326042175293,LSM6DSL Gyroscope,2000,2706,0.29835429787635803,0.3209810256958008,0.5059913396835327,-1.2154974937438965,-1.0855932235717773,-1.4492905139923096,0.9717086553573608,1.070077896118164,2.1400718688964844,0.029932396486401558,0.05497787147760391,-0.02626720629632473,-0.10751228034496307,-0.20830504596233368,-0.0403171069920063,0.11423180252313614,0.10934487730264664,0.05253441259264946,39.473289489746094,-8.218198776245117,21.299999237060547,19.0,21.299999237060547,2023-04-16T21:28:30.192+01:00
3,20kmh hard brake stop(0),2023-04-16T21:28:25.373+01:00,3,105.0,true,Mean Filter,1,2ccc978eef8e0f22,Pieter,samsung,samsung,SM-A515F,78.45320129394531,LSM6DSL Accelerometer,2000,17.45326042175293,LSM6DSL Gyroscope,2000,2707,0.15837273001670837,0.49477291107177734,-0.38498836755752563,-1.2154974937438965,-1.0855932235717773,-1.4492905139923096,0.9717086553573608,1.070077896118164,2.1400718688964844,0.010995574295520782,0.04703662544488907,-0.0354301854968071,-0.10751228034496307,-0.20830504596233368,-0.0403171069920063,0.11423180252313614,0.10934487730264664,0.05253441259264946,39.47325134277344,-8.218256950378418,21.200000762939453,19.200000762939453,21.299999237060547,2023-04-16T21:28:30.318+01:00
3,20kmh hard brake stop(0),2023-04-16T21:28:25.373+01:00,3,105.0,true,Mean Filter,1,2ccc978eef8e0f22,Pieter,samsung,samsung,SM-A515F,78.45320129394531,LSM6DSL Accelerometer,2000,17.45326042175293,LSM6DSL Gyroscope,2000,2708,0.007185519207268953,-0.1551198959350586,2.0719752311706543,-1.2154974937438965,-1.0855932235717773,-1.4492905139923096,0.9717086553573608,1.070077896118164,2.1400718688964844,0.08429940044879913,0.07513642311096191,-0.0012217300245538354,-0.10751228034496307,-0.20830504596233368,-0.0403171069920063,0.11423180252313614,0.10934487730264664,0.05253441259264946,39.47325134277344,-8.218256950378418,21.200000762939453,19.200000762939453,21.299999237060547,2023-04-16T21:28:30.440+01:00
3,20kmh hard brake stop(0),2023-04-16T21:28:25.373+01:00,3,105.0,true,Mean Filter,1,2ccc978eef8e0f22,Pieter,samsung,samsung,SM-A515F,78.45320129394531,LSM6DSL Accelerometer,2000,17.45326042175293,LSM6DSL Gyroscope,2000,2709,0.06382569670677185,-0.046123504638671875,0.13569843769073486,-1.2154974937438965,-1.0855932235717773,-1.4492905139923096,0.9717086553573608,1.070077896118164,2.1400718688964844,0.01160643994808197,-0.030543262138962746,-0.015882495790719986,-0.10751228034496307,-0.20830504596233368,-0.0403171069920063,0.11423180252313614,0.10934487730264664,0.05253441259264946,39.47325134277344,-8.218256950378418,21.200000762939453,19.200000762939453,21.299999237060547,2023-04-16T21:28:30.550+01:00
3,20kmh hard brake stop(0),2023-04-16T21:28:25.373+01:00,3,105.0,true,Mean Filter,1,2ccc978eef8e0f22,Pieter,samsung,samsung,SM-A515F,78.45320129394531,LSM6DSL Accelerometer,2000,17.45326042175293,LSM6DSL Gyroscope,2000,2710,-0.01194879412651062,0.2376689910888672,0.36423254013061523,-1.2154974937438965,-1.0855932235717773,-1.4492905139923096,0.9717086553573608,1.070077896118164,2.1400718688964844,-0.015882495790719986,-0.06169738993048668,0.01710422709584236,-0.10751228034496307,-0.20830504596233368,-0.0403171069920063,0.11423180252313614,0.10934487730264664,0.05253441259264946,39.47325134277344,-8.218256950378418,21.200000762939453,19.200000762939453,21.299999237060547,2023-04-16T21:28:30.660+01:00
3,20kmh hard brake stop(0),2023-04-16T21:28:25.373+01:00,3,105.0,true,Mean Filter,1,2ccc978eef8e0f22,Pieter,samsung,samsung,SM-A515F,78.45320129394531,LSM6DSL Accelerometer,2000,17.45326042175293,LSM6DSL Gyroscope,2000,2711,-0.3178878724575043,0.720494270324707,0.07494509220123291,-1.2154974937438965,-1.0855932235717773,-1.4492905139923096,0.9717086553573608,1.070077896118164,2.1400718688964844,-0.033597588539123535,0.025656340643763542,-0.006108651868999004,-0.10751228034496307,-0.20830504596233368,-0.0403171069920063,0.11423180252313614,0.10934487730264664,0.05253441259264946,39.47325134277344,-8.218256950378418,21.200000762939453,19.200000762939453,21.299999237060547,2023-04-16T21:28:30.773+01:00
3,20kmh hard brake stop(0),2023-04-16T21:28:25.373+01:00,3,105.0,true,Mean Filter,1,2ccc978eef8e0f22,Pieter,samsung,samsung,SM-A515F,78.45320129394531,LSM6DSL Accelerometer,2000,17.45326042175293,LSM6DSL Gyroscope,2000,2712,-0.1501876413822174,0.0888223648071289,-1.0378046035766602,-1.2154974937438965,-1.0855932235717773,-1.4492905139923096,0.9717086553573608,1.070077896118164,2.1400718688964844,-0.03420845419168472,-0.00855211354792118,-0.021991148591041565,-0.10751228034496307,-0.20830504596233368,-0.0403171069920063,0.11423180252313614,0.10934487730264664,0.05253441259264946,39.47325134277344,-8.218256950378418,21.200000762939453,19.200000762939453,21.299999237060547,2023-04-16T21:28:30.883+01:00
3,20kmh hard brake stop(0),2023-04-16T21:28:25.373+01:00,3,105.0,true,Mean Filter,1,2ccc978eef8e0f22,Pieter,samsung,samsung,SM-A515F,78.45320129394531,LSM6DSL Accelerometer,2000,17.45326042175293,LSM6DSL Gyroscope,2000,2713,-0.22562313079833984,0.05182456970214844,0.7842950820922852,-1.2154974937438965,-1.0855932235717773,-1.4492905139923096,0.9717086553573608,1.070077896118164,2.1400718688964844,0.04153883829712868,0.036041051149368286,0.0012217300245538354,-0.10751228034496307,-0.20830504596233368,-0.0403171069920063,0.11423180252313614,0.10934487730264664,0.05253441259264946,39.47325134277344,-8.218256950378418,21.200000762939453,19.200000762939453,21.299999237060547,2023-04-16T21:28:30.998+01:00
3,20kmh hard brake stop(0),2023-04-16T21:28:25.373+01:00,3,105.0,true,Mean Filter,1,2ccc978eef8e0f22,Pieter,samsung,samsung,SM-A515F,78.45320129394531,LSM6DSL Accelerometer,2000,17.45326042175293,LSM6DSL Gyroscope,2000,2714,0.3198673129081726,-0.13101768493652344,0.7507529258728027,-1.2154974937438965,-1.0855932235717773,-1.4492905139923096,0.9717086553573608,1.070077896118164,2.1400718688964844,0.05375614017248154,-0.06291911751031876,-0.010995574295520782,-0.10751228034496307,-0.20830504596233368,-0.0403171069920063,0.11423180252313614,0.10934487730264664,0.05253441259264946,39.47325134277344,-8.218256950378418,21.200000762939453,19.200000762939453,21.299999237060547,2023-04-16T21:28:31.110+01:00
3,20kmh hard brake stop(0),2023-04-16T21:28:25.373+01:00,3,105.0,true,Mean Filter,1,2ccc978eef8e0f22,Pieter,samsung,samsung,SM-A515F,78.45320129394531,LSM6DSL Accelerometer,2000,17.45326042175293,LSM6DSL Gyroscope,2000,2715,-0.6512348651885986,0.23814678192138672,0.7888326644897461,-1.2154974937438965,-1.0855932235717773,-1.4492905139923096,0.9717086553573608,1.070077896118164,2.1400718688964844,0.019547687843441963,-0.01038470957428217,0.02076941914856434,-0.10751228034496307,-0.20830504596233368,-0.0403171069920063,0.11423180252313614,0.10934487730264664,0.05253441259264946,39.47325134277344,-8.218256950378418,21.200000762939453,19.200000762939453,21.299999237060547,2023-04-16T21:28:31.222+01:00
3,20kmh hard brake stop(0),2023-04-16T21:28:25.373+01:00,3,105.0,true,Mean Filter,1,2ccc978eef8e0f22,Pieter,samsung,samsung,SM-A515F,78.45320129394531,LSM6DSL Accelerometer,2000,17.45326042175293,LSM6DSL Gyroscope,2000,2716,0.13317279517650604,-0.12825393676757812,-0.07360243797302246,-1.2154974937438965,-1.0855932235717773,-1.4492905139923096,0.9717086553573608,1.070077896118164,2.1400718688964844,-0.00855211354792118,-0.006719517987221479,-0.005497787147760391,-0.10751228034496307,-0.20830504596233368,-0.0403171069920063,0.11423180252313614,0.10934487730264664,0.05253441259264946,39.47321701049805,-8.218310356140137,21.299999237060547,19.399999618530273,21.299999237060547,2023-04-16T21:28:31.327+01:00
3,20kmh hard brake stop(0),2023-04-16T21:28:25.373+01:00,3,105.0,true,Mean Filter,1,2ccc978eef8e0f22,Pieter,samsung,samsung,SM-A515F,78.45320129394531,LSM6DSL Accelerometer,2000,17.45326042175293,LSM6DSL Gyroscope,2000,2717,-0.44200754165649414,-0.2678518295288086,0.5057511329650879,-1.2154974937438965,-1.0855932235717773,-1.4492905139923096,0.9717086553573608,1.070077896118164,2.1400718688964844,-0.013439035043120384,-0.018936822190880775,0.0024434609804302454,-0.10751228034496307,-0.20830504596233368,-0.0403171069920063,0.11423180252313614,0.10934487730264664,0.05253441259264946,39.47321701049805,-8.218310356140137,21.299999237060547,19.399999618530273,21.299999237060547,2023-04-16T21:28:31.438+01:00
3,20kmh hard brake stop(0),2023-04-16T21:28:25.373+01:00,3,105.0,true,Mean Filter,1,2ccc978eef8e0f22,Pieter,samsung,samsung,SM-A515F,78.45320129394531,LSM6DSL Accelerometer,2000,17.45326042175293,LSM6DSL Gyroscope,2000,2718,-0.4962441921234131,0.30597972869873047,1.0665438175201416,-1.2154974937438965,-1.0855932235717773,-1.4492905139923096,0.9717086553573608,1.070077896118164,2.1400718688964844,-0.07330382615327835,0.019547687843441963,0.0012217300245538354,-0.10751228034496307,-0.20830504596233368,-0.0403171069920063,0.11423180252313614,0.10934487730264664,0.05253441259264946,39.47321701049805,-8.218310356140137,21.299999237060547,19.399999618530273,21.299999237060547,2023-04-16T21:28:31.555+01:00
3,20kmh hard brake stop(0),2023-04-16T21:28:25.373+01:00,3,105.0,true,Mean Filter,1,2ccc978eef8e0f22,Pieter,samsung,samsung,SM-A515F,78.45320129394531,LSM6DSL Accelerometer,2000,17.45326042175293,LSM6DSL Gyroscope,2000,2719,0.41731998324394226,-0.21020030975341797,2.4383699893951416,-1.2154974937438965,-1.0855932235717773,-1.4492905139923096,0.9717086553573608,1.070077896118164,2.4383699893951416,-0.09529497474431992,0.12400564551353455,0.010995574295520782,-0.10751228034496307,-0.20830504596233368,-0.0403171069920063,0.11423180252313614,0.12400564551353455,0.05253441259264946,39.47321701049805,-8.218310356140137,21.299999237060547,19.399999618530273,21.299999237060547,2023-04-16T21:28:31.675+01:00
3,20kmh hard brake stop(0),2023-04-16T21:28:25.373+01:00,3,105.0,true,Mean Filter,1,2ccc978eef8e0f22,Pieter,samsung,samsung,SM-A515F,78.45320129394531,LSM6DSL Accelerometer,2000,17.45326042175293,LSM6DSL Gyroscope,2000,2720,0.9875333309173584,-0.6519899368286133,5.671850204467773,-1.2154974937438965,-1.0855932235717773,-1.4492905139923096,0.9875333309173584,1.070077896118164,5.671850204467773,-0.1264491081237793,0.05009094998240471,-0.024434609338641167,-0.1264491081237793,-0.20830504596233368,-0.0403171069920063,0.11423180252313614,0.12400564551353455,0.05253441259264946,39.47321701049805,-8.218310356140137,21.299999237060547,19.399999618530273,21.299999237060547,2023-04-16T21:28:31.791+01:00
3,20kmh hard brake stop(0),2023-04-16T21:28:25.373+01:00,3,105.0,true,Mean Filter,1,2ccc978eef8e0f22,Pieter,samsung,samsung,SM-A515F,78.45320129394531,LSM6DSL Accelerometer,2000,17.45326042175293,LSM6DSL Gyroscope,2000,2721,0.6781394481658936,0.5847387313842773,6.215487957000732,-1.2154974937438965,-1.0855932235717773,-1.4492905139923096,0.9875333309173584,1.070077896118164,6.215487957000732,-0.05009094998240471,0.009773843921720982,0.009773843921720982,-0.1264491081237793,-0.20830504596233368,-0.0403171069920063,0.11423180252313614,0.12400564551353455,0.05253441259264946,39.47321701049805,-8.218310356140137,21.299999237060547,19.399999618530273,21.299999237060547,2023-04-16T21:28:31.912+01:00
3,20kmh hard brake stop(0),2023-04-16T21:28:25.373+01:00,3,105.0,true,Mean Filter,1,2ccc978eef8e0f22,Pieter,samsung,samsung,SM-A515F,78.45320129394531,LSM6DSL Accelerometer,2000,17.45326042175293,LSM6DSL Gyroscope,2000,2722,-0.022004634141921997,-0.4301786422729492,6.92242431640625,-1.2154974937438965,-1.0855932235717773,-1.4492905139923096,0.9875333309173584,1.070077896118164,6.92242431640625,0.04581489413976669,-0.06658431142568588,0.019547687843441963,-0.1264491081237793,-0.20830504596233368,-0.0403171069920063,0.11423180252313614,0.12400564551353455,0.05253441259264946,39.47321701049805,-8.218310356140137,21.299999237060547,19.399999618530273,21.299999237060547,2023-04-16T21:28:32.023+01:00
3,20kmh hard brake stop(0),2023-04-16T21:28:25.373+01:00,3,105.0,true,Mean Filter,1,2ccc978eef8e0f22,Pieter,samsung,samsung,SM-A515F,78.45320129394531,LSM6DSL Accelerometer,2000,17.45326042175293,LSM6DSL Gyroscope,2000,2723,0.5559662580490112,-0.8685827255249023,7.2594475746154785,-1.2154974937438965,-1.0855932235717773,-1.4492905139923096,0.9875333309173584,1.070077896118164,7.2594475746154785,-0.0018325960263609886,0.019547687843441963,-0.01038470957428217,-0.1264491081237793,-0.20830504596233368,-0.0403171069920063,0.11423180252313614,0.12400564551353455,0.05253441259264946,39.47321701049805,-8.218310356140137,21.299999237060547,19.399999618530273,21.299999237060547,2023-04-16T21:28:32.135+01:00
3,20kmh hard brake stop(0),2023-04-16T21:28:25.373+01:00,3,105.0,true,Mean Filter,1,2ccc978eef8e0f22,Pieter,samsung,samsung,SM-A515F,78.45320129394531,LSM6DSL Accelerometer,2000,17.45326042175293,LSM6DSL Gyroscope,2000,2724,0.5023694038391113,-0.44483184814453125,7.747439861297607,-1.2154974937438965,-1.0855932235717773,-1.4492905139923096,0.9875333309173584,1.070077896118164,7.747439861297607,-0.028099801391363144,0.04764748737215996,-0.005497787147760391,-0.1264491081237793,-0.20830504596233368,-0.0403171069920063,0.11423180252313614,0.12400564551353455,0.05253441259264946,39.47321701049805,-8.218310356140137,21.299999237060547,19.399999618530273,21.299999237060547,2023-04-16T21:28:32.245+01:00
3,20kmh hard brake stop(0),2023-04-16T21:28:25.373+01:00,3,105.0,true,Mean Filter,1,2ccc978eef8e0f22,Pieter,samsung,samsung,SM-A515F,78.45320129394531,LSM6DSL Accelerometer,2000,17.45326042175293,LSM6DSL Gyroscope,2000,2725,0.7790133953094482,-0.5659189224243164,8.048466682434082,-1.2154974937438965,-1.0855932235717773,-1.4492905139923096,0.9875333309173584,1.070077896118164,8.048466682434082,-0.021380282938480377,0.012828170321881771,0.0024434609804302454,-0.1264491081237793,-0.20830504596233368,-0.0403171069920063,0.11423180252313614,0.12400564551353455,0.05253441259264946,39.47318649291992,-8.218360900878906,15.5,19.100000381469727,21.299999237060547,2023-04-16T21:28:32.353+01:00
3,20kmh hard brake stop(0),2023-04-16T21:28:25.373+01:00,3,105.0,true,Mean Filter,1,2ccc978eef8e0f22,Pieter,samsung,samsung,SM-A515F,78.45320129394531,LSM6DSL Accelerometer,2000,17.45326042175293,LSM6DSL Gyroscope,2000,2726,-0.046650707721710205,0.9734392166137695,4.080759048461914,-1.2154974937438965,-1.0855932235717773,-1.4492905139923096,0.9875333309173584,1.070077896118164,8.048466682434082,0.03726277872920036,-0.033597588539123535,0.0018325960263609886,-0.1264491081237793,-0.20830504596233368,-0.0403171069920063,0.11423180252313614,0.12400564551353455,0.05253441259264946,39.47318649291992,-8.218360900878906,15.5,19.100000381469727,21.299999237060547,2023-04-16T21:28:32.470+01:00
3,20kmh hard brake stop(0),2023-04-16T21:28:25.373+01:00,3,105.0,true,Mean Filter,1,2ccc978eef8e0f22,Pieter,samsung,samsung,SM-A515F,78.45320129394531,LSM6DSL Accelerometer,2000,17.45326042175293,LSM6DSL Gyroscope,2000,2727,-1.072740077972412,2.4009017944335938,-4.833578586578369,-1.2154974937438965,-1.0855932235717773,-4.833578586578369,0.9875333309173584,2.4009017944335938,8.048466682434082,-0.007941247895359993,0.030543262138962746,-0.01771509274840355,-0.1264491081237793,-0.20830504596233368,-0.0403171069920063,0.11423180252313614,0.12400564551353455,0.05253441259264946,39.47318649291992,-8.218360900878906,15.5,19.100000381469727,21.299999237060547,2023-04-16T21:28:32.589+01:00
3,20kmh hard brake stop(0),2023-04-16T21:28:25.373+01:00,3,105.0,true,Mean Filter,1,2ccc978eef8e0f22,Pieter,samsung,samsung,SM-A515F,78.45320129394531,LSM6DSL Accelerometer,2000,17.45326042175293,LSM6DSL Gyroscope,2000,2728,0.17493543028831482,-1.5401134490966797,-1.6759306192398071,-1.2154974937438965,-1.5401134490966797,-4.833578586578369,0.9875333309173584,2.4009017944335938,8.048466682434082,-0.02687807008624077,0.028099801391363144,0.01771509274840355,-0.1264491081237793,-0.20830504596233368,-0.0403171069920063,0.11423180252313614,0.12400564551353455,0.05253441259264946,39.47318649291992,-8.218360900878906,15.5,19.100000381469727,21.299999237060547,2023-04-16T21:28:32.701+01:00
3,20kmh hard brake stop(0),2023-04-16T21:28:25.373+01:00,3,105.0,true,Mean Filter,1,2ccc978eef8e0f22,Pieter,samsung,samsung,SM-A515F,78.45320129394531,LSM6DSL Accelerometer,2000,17.45326042175293,LSM6DSL Gyroscope,2000,2729,0.7146118879318237,-1.161686897277832,1.0338302850723267,-1.2154974937438965,-1.5401134490966797,-4.833578586578369,0.9875333309173584,2.4009017944335938,8.048466682434082,0.045204028487205505,0.04459316283464432,-0.006108651868999004,-0.1264491081237793,-0.20830504596233368,-0.0403171069920063,0.11423180252313614,0.12400564551353455,0.05253441259264946,39.47318649291992,-8.218360900878906,15.5,19.100000381469727,21.299999237060547,2023-04-16T21:28:32.811+01:00
3,20kmh hard brake stop(0),2023-04-16T21:28:25.373+01:00,3,105.0,true,Mean Filter,1,2ccc978eef8e0f22,Pieter,samsung,samsung,SM-A515F,78.45320129394531,LSM6DSL Accelerometer,2000,17.45326042175293,LSM6DSL Gyroscope,2000,2730,0.050193190574645996,0.7192983627319336,-1.0887514352798462,-1.2154974937438965,-1.5401134490966797,-4.833578586578369,0.9875333309173584,2.4009017944335938,8.048466682434082,0.03787364438176155,0.016493361443281174,-0.022602014243602753,-0.1264491081237793,-0.20830504596233368,-0.0403171069920063,0.11423180252313614,0.12400564551353455,0.05253441259264946,39.47318649291992,-8.218360900878906,15.5,19.100000381469727,21.299999237060547,2023-04-16T21:28:32.922+01:00
3,20kmh hard brake stop(0),2023-04-16T21:28:25.373+01:00,3,105.0,true,Mean Filter,1,2ccc978eef8e0f22,Pieter,samsung,samsung,SM-A515F,78.45320129394531,LSM6DSL Accelerometer,2000,17.45326042175293,LSM6DSL Gyroscope,2000,2731,0.01661767065525055,0.09852409362792969,1.8160154819488525,-1.2154974937438965,-1.5401134490966797,-4.833578586578369,0.9875333309173584,2.4009017944335938,8.048466682434082,0.021380282938480377,-0.013439035043120384,0.009162978269159794,-0.1264491081237793,-0.20830504596233368,-0.0403171069920063,0.11423180252313614,0.12400564551353455,0.05253441259264946,39.47318649291992,-8.218360900878906,15.5,19.100000381469727,21.299999237060547,2023-04-16T21:28:33.035+01:00
3,20kmh hard brake stop(0),2023-04-16T21:28:25.373+01:00,3,105.0,true,Mean Filter,1,2ccc978eef8e0f22,Pieter,samsung,samsung,SM-A515F,78.45320129394531,LSM6DSL Accelerometer,2000,17.45326042175293,LSM6DSL Gyroscope,2000,2732,-0.33981063961982727,1.1464767456054688,-1.7882529497146606,-1.2154974937438965,-1.5401134490966797,-4.833578586578369,0.9875333309173584,2.4009017944335938,8.048466682434082,-0.021380282938480377,-0.00855211354792118,0.01038470957428217,-0.1264491081237793,-0.20830504596233368,-0.0403171069920063,0.11423180252313614,0.12400564551353455,0.05253441259264946,39.47318649291992,-8.218360900878906,15.5,19.100000381469727,21.299999237060547,2023-04-16T21:28:33.153+01:00
3,20kmh hard brake stop(0),2023-04-16T21:28:25.373+01:00,3,105.0,true,Mean Filter,1,2ccc978eef8e0f22,Pieter,samsung,samsung,SM-A515F,78.45320129394531,LSM6DSL Accelerometer,2000,17.45326042175293,LSM6DSL Gyroscope,2000,2733,0.12196661531925201,-0.387725830078125,-0.3528016209602356,-1.2154974937438965,-1.5401134490966797,-4.833578586578369,0.9875333309173584,2.4009017944335938,8.048466682434082,-0.07880161702632904,-0.013439035043120384,0.013439035043120384,-0.1264491081237793,-0.20830504596233368,-0.0403171069920063,0.11423180252313614,0.12400564551353455,0.05253441259264946,39.47318649291992,-8.218360900878906,15.5,19.100000381469727,21.299999237060547,2023-04-16T21:28:33.267+01:00
3,20kmh hard brake stop(0),2023-04-16T21:28:25.373+01:00,3,105.0,true,Mean Filter,1,2ccc978eef8e0f22,Pieter,samsung,samsung,SM-A515F,78.45320129394531,LSM6DSL Accelerometer,2000,17.45326042175293,LSM6DSL Gyroscope,2000,2734,0.0260942280292511,-0.11876583099365234,0.4108072519302368,-1.2154974937438965,-1.5401134490966797,-4.833578586578369,0.9875333309173584,2.4009017944335938,8.048466682434082,-0.015271631069481373,-0.009162978269159794,0.0012217300245538354,-0.1264491081237793,-0.20830504596233368,-0.0403171069920063,0.11423180252313614,0.12400564551353455,0.05253441259264946,39.473182678222656,-8.218363761901855,7.840000152587891,18.100000381469727,21.299999237060547,2023-04-16T21:28:33.378+01:00
3,20kmh hard brake stop(0),2023-04-16T21:28:25.373+01:00,3,105.0,true,Mean Filter,1,2ccc978eef8e0f22,Pieter,samsung,samsung,SM-A515F,78.45320129394531,LSM6DSL Accelerometer,2000,17.45326042175293,LSM6DSL Gyroscope,2000,2735,0.05133125185966492,0.27245521545410156,-0.4777548313140869,-1.2154974937438965,-1.5401134490966797,-4.833578586578369,0.9875333309173584,2.4009017944335938,8.048466682434082,0.04581489413976669,0.014049900695681572,-0.01771509274840355,-0.1264491081237793,-0.20830504596233368,-0.0403171069920063,0.11423180252313614,0.12400564551353455,0.05253441259264946,39.473182678222656,-8.218363761901855,7.840000152587891,18.100000381469727,21.299999237060547,2023-04-16T21:28:33.488+01:00
3,20kmh hard brake stop(0),2023-04-16T21:28:25.373+01:00,3,105.0,true,Mean Filter,1,2ccc978eef8e0f22,Pieter,samsung,samsung,SM-A515F,78.45320129394531,LSM6DSL Accelerometer,2000,17.45326042175293,LSM6DSL Gyroscope,2000,2736,0.13981062173843384,-0.3636608123779297,1.00392746925354,-1.2154974937438965,-1.5401134490966797,-4.833578586578369,0.9875333309173584,2.4009017944335938,8.048466682434082,0.04581489413976669,0.004886921960860491,-0.0012217300245538354,-0.1264491081237793,-0.20830504596233368,-0.0403171069920063,0.11423180252313614,0.12400564551353455,0.05253441259264946,39.473182678222656,-8.218363761901855,7.840000152587891,18.100000381469727,21.299999237060547,2023-04-16T21:28:33.604+01:00
3,20kmh hard brake stop(0),2023-04-16T21:28:25.373+01:00,3,105.0,true,Mean Filter,1,2ccc978eef8e0f22,Pieter,samsung,samsung,SM-A515F,78.45320129394531,LSM6DSL Accelerometer,2000,17.45326042175293,LSM6DSL Gyroscope,2000,2737,0.0742044597864151,0.3904151916503906,0.111441969871521,-1.2154974937438965,-1.5401134490966797,-4.833578586578369,0.9875333309173584,2.4009017944335938,8.048466682434082,0.02015855349600315,0.01466076634824276,0.0018325960263609886,-0.1264491081237793,-0.20830504596233368,-0.0403171069920063,0.11423180252313614,0.12400564551353455,0.05253441259264946,39.473182678222656,-8.218363761901855,7.840000152587891,18.100000381469727,21.299999237060547,2023-04-16T21:28:33.713+01:00
3,20kmh hard brake stop(0),2023-04-16T21:28:25.373+01:00,3,105.0,true,Mean Filter,1,2ccc978eef8e0f22,Pieter,samsung,samsung,SM-A515F,78.45320129394531,LSM6DSL Accelerometer,2000,17.45326042175293,LSM6DSL Gyroscope,2000,2738,0.02309533953666687,0.13222408294677734,-0.20200490951538086,-1.2154974937438965,-1.5401134490966797,-4.833578586578369,0.9875333309173584,2.4009017944335938,8.048466682434082,-0.04337143152952194,-0.009773843921720982,0.005497787147760391,-0.1264491081237793,-0.20830504596233368,-0.0403171069920063,0.11423180252313614,0.12400564551353455,0.05253441259264946,39.473182678222656,-8.218363761901855,7.840000152587891,18.100000381469727,21.299999237060547,2023-04-16T21:28:33.826+01:00
3,20kmh hard brake stop(0),2023-04-16T21:28:25.373+01:00,3,105.0,true,Mean Filter,1,2ccc978eef8e0f22,Pieter,samsung,samsung,SM-A515F,78.45320129394531,LSM6DSL Accelerometer,2000,17.45326042175293,LSM6DSL Gyroscope,2000,2739,-0.14972791075706482,0.21493053436279297,-0.27481764554977417,-1.2154974937438965,-1.5401134490966797,-4.833578586578369,0.9875333309173584,2.4009017944335938,8.048466682434082,-0.03481931984424591,-0.014049900695681572,0.005497787147760391,-0.1264491081237793,-0.20830504596233368,-0.0403171069920063,0.11423180252313614,0.12400564551353455,0.05253441259264946,39.473182678222656,-8.218363761901855,7.840000152587891,18.100000381469727,21.299999237060547,2023-04-16T21:28:33.942+01:00
3,20kmh hard brake stop(0),2023-04-16T21:28:25.373+01:00,3,105.0,true,Mean Filter,1,2ccc978eef8e0f22,Pieter,samsung,samsung,SM-A515F,78.45320129394531,LSM6DSL Accelerometer,2000,17.45326042175293,LSM6DSL Gyroscope,2000,2740,-0.16618162393569946,0.15462589263916016,-0.5201502442359924,-1.2154974937438965,-1.5401134490966797,-4.833578586578369,0.9875333309173584,2.4009017944335938,8.048466682434082,0.01038470957428217,0.006108651868999004,-0.007941247895359993,-0.1264491081237793,-0.20830504596233368,-0.0403171069920063,0.11423180252313614,0.12400564551353455,0.05253441259264946,39.473182678222656,-8.218363761901855,7.840000152587891,18.100000381469727,21.299999237060547,2023-04-16T21:28:34.054+01:00
3,20kmh hard brake stop(0),2023-04-16T21:28:25.373+01:00,3,105.0,true,Mean Filter,1,2ccc978eef8e0f22,Pieter,samsung,samsung,SM-A515F,78.45320129394531,LSM6DSL Accelerometer,2000,17.45326042175293,LSM6DSL Gyroscope,2000,2741,0.003654137020930648,0.04921531677246094,0.11871063709259033,-1.2154974937438965,-1.5401134490966797,-4.833578586578369,0.9875333309173584,2.4009017944335938,8.048466682434082,0.02015855349600315,0.013439035043120384,-0.006108651868999004,-0.1264491081237793,-0.20830504596233368,-0.0403171069920063,0.11423180252313614,0.12400564551353455,0.05253441259264946,39.473182678222656,-8.218363761901855,7.840000152587891,18.100000381469727,21.299999237060547,2023-04-16T21:28:34.169+01:00
3,20kmh hard brake stop(0),2023-04-16T21:28:25.373+01:00,3,105.0,true,Mean Filter,1,2ccc978eef8e0f22,Pieter,samsung,samsung,SM-A515F,78.45320129394531,LSM6DSL Accelerometer,2000,17.45326042175293,LSM6DSL Gyroscope,2000,2742,0.14229339361190796,0.28525638580322266,0.25756609439849854,-1.2154974937438965,-1.5401134490966797,-4.833578586578369,0.9875333309173584,2.4009017944335938,8.048466682434082,0.02687807008624077,0.016493361443281174,-0.009773843921720982,-0.1264491081237793,-0.20830504596233368,-0.0403171069920063,0.11423180252313614,0.12400564551353455,0.05253441259264946,39.473182678222656,-8.218363761901855,7.840000152587891,18.100000381469727,21.299999237060547,2023-04-16T21:28:34.278+01:00
3,20kmh hard brake stop(0),2023-04-16T21:28:25.373+01:00,3,105.0,true,Mean Filter,1,2ccc978eef8e0f22,Pieter,samsung,samsung,SM-A515F,78.45320129394531,LSM6DSL Accelerometer,2000,17.45326042175293,LSM6DSL Gyroscope,2000,2743,0.15043343603610992,0.026773452758789062,0.4049731492996216,-1.2154974937438965,-1.5401134490966797,-4.833578586578369,0.9875333309173584,2.4009017944335938,8.048466682434082,0.006719517987221479,0.00427605677396059,0.0,-0.1264491081237793,-0.20830504596233368,-0.0403171069920063,0.11423180252313614,0.12400564551353455,0.05253441259264946,39.47317886352539,-8.218366622924805,0.0,16.700000762939453,21.299999237060547,2023-04-16T21:28:34.401+01:00
3,20kmh hard brake stop(0),2023-04-16T21:28:25.373+01:00,3,105.0,true,Mean Filter,1,2ccc978eef8e0f22,Pieter,samsung,samsung,SM-A515F,78.45320129394531,LSM6DSL Accelerometer,2000,17.45326042175293,LSM6DSL Gyroscope,2000,2744,-0.11536914110183716,0.09895801544189453,-0.03163731098175049,-1.2154974937438965,-1.5401134490966797,-4.833578586578369,0.9875333309173584,2.4009017944335938,8.048466682434082,-0.01710422709584236,-0.018325956538319588,0.01038470957428217,-0.1264491081237793,-0.20830504596233368,-0.0403171069920063,0.11423180252313614,0.12400564551353455,0.05253441259264946,39.47317886352539,-8.218366622924805,0.0,16.700000762939453,21.299999237060547,2023-04-16T21:28:34.517+01:00
3,20kmh hard brake stop(0),2023-04-16T21:28:25.373+01:00,3,105.0,true,Mean Filter,1,2ccc978eef8e0f22,Pieter,samsung,samsung,SM-A515F,78.45320129394531,LSM6DSL Accelerometer,2000,17.45326042175293,LSM6DSL Gyroscope,2000,2745,-0.09624650329351425,0.10970211029052734,-0.26966923475265503,-1.2154974937438965,-1.5401134490966797,-4.833578586578369,0.9875333309173584,2.4009017944335938,8.048466682434082,-0.02382374368607998,-0.01771509274840355,0.007941247895359993,-0.1264491081237793,-0.20830504596233368,-0.0403171069920063,0.11423180252313614,0.12400564551353455,0.05253441259264946,39.47317886352539,-8.218366622924805,0.0,16.700000762939453,21.299999237060547,2023-04-16T21:28:34.627+01:00
3,20kmh hard brake stop(0),2023-04-16T21:28:25.373+01:00,3,105.0,true,Mean Filter,1,2ccc978eef8e0f22,Pieter,samsung,samsung,SM-A515F,78.45320129394531,LSM6DSL Accelerometer,2000,17.45326042175293,LSM6DSL Gyroscope,2000,2746,-0.16218027472496033,0.18626976013183594,-0.46292269229888916,-1.2154974937438965,-1.5401134490966797,-4.833578586578369,0.9875333309173584,2.4009017944335938,8.048466682434082,-0.02076941914856434,-0.0024434609804302454,0.0,-0.1264491081237793,-0.20830504596233368,-0.0403171069920063,0.11423180252313614,0.12400564551353455,0.05253441259264946,39.47317886352539,-8.218366622924805,0.0,16.700000762939453,21.299999237060547,2023-04-16T21:28:34.736+01:00
3,20kmh hard brake stop(0),2023-04-16T21:28:25.373+01:00,3,105.0,true,Mean Filter,1,2ccc978eef8e0f22,Pieter,samsung,samsung,SM-A515F,78.45320129394531,LSM6DSL Accelerometer,2000,17.45326042175293,LSM6DSL Gyroscope,2000,2747,0.11579905450344086,0.24634456634521484,0.08857905864715576,-1.2154974937438965,-1.5401134490966797,-4.833578586578369,0.9875333309173584,2.4009017944335938,8.048466682434082,0.00855211354792118,0.02015855349600315,-0.01038470957428217,-0.1264491081237793,-0.20830504596233368,-0.0403171069920063,0.11423180252313614,0.12400564551353455,0.05253441259264946,39.47317886352539,-8.218366622924805,0.0,16.700000762939453,21.299999237060547,2023-04-16T21:28:34.852+01:00
3,20kmh hard brake stop(0),2023-04-16T21:28:25.373+01:00,3,105.0,true,Mean Filter,1,2ccc978eef8e0f22,Pieter,samsung,samsung,SM-A515F,78.45320129394531,LSM6DSL Accelerometer,2000,17.45326042175293,LSM6DSL Gyroscope,2000,2748,0.088650643825531,0.1436176300048828,0.15088725090026855,-1.2154974937438965,-1.5401134490966797,-4.833578586578369,0.9875333309173584,2.4009017944335938,8.048466682434082,0.02015855349600315,0.02015855349600315,-0.00733038317412138,-0.1264491081237793,-0.20830504596233368,-0.0403171069920063,0.11423180252313614,0.12400564551353455,0.05253441259264946,39.47317886352539,-8.218366622924805,0.0,16.700000762939453,21.299999237060547,2023-04-16T21:28:34.968+01:00
3,20kmh hard brake stop(0),2023-04-16T21:28:25.373+01:00,3,105.0,true,Mean Filter,1,2ccc978eef8e0f22,Pieter,samsung,samsung,SM-A515F,78.45320129394531,LSM6DSL Accelerometer,2000,17.45326042175293,LSM6DSL Gyroscope,2000,2749,0.1962687075138092,0.1144399642944336,0.3584522008895874,-1.2154974937438965,-1.5401134490966797,-4.833578586578369,0.9875333309173584,2.4009017944335938,8.048466682434082,0.030543262138962746,0.006108651868999004,-0.0036651920527219772,-0.1264491081237793,-0.20830504596233368,-0.0403171069920063,0.11423180252313614,0.12400564551353455,0.05253441259264946,39.47317886352539,-8.218366622924805,0.0,16.700000762939453,21.299999237060547,2023-04-16T21:28:35.085+01:00
3,20kmh hard brake stop(0),2023-04-16T21:28:25.373+01:00,3,105.0,true,Mean Filter,1,2ccc978eef8e0f22,Pieter,samsung,samsung,SM-A515F,78.45320129394531,LSM6DSL Accelerometer,2000,17.45326042175293,LSM6DSL Gyroscope,2000,2750,0.06942102313041687,0.09492301940917969,0.36411571502685547,-1.2154974937438965,-1.5401134490966797,-4.833578586578369,0.9875333309173584,2.4009017944335938,8.048466682434082,0.0036651920527219772,-0.01038470957428217,0.003054325934499502,-0.1264491081237793,-0.20830504596233368,-0.0403171069920063,0.11423180252313614,0.12400564551353455,0.05253441259264946,39.47317886352539,-8.218366622924805,0.0,16.700000762939453,21.299999237060547,2023-04-16T21:28:35.203+01:00
3,20kmh hard brake stop(0),2023-04-16T21:28:25.373+01:00,3,105.0,true,Mean Filter,1,2ccc978eef8e0f22,Pieter,samsung,samsung,SM-A515F,78.45320129394531,LSM6DSL Accelerometer,2000,17.45326042175293,LSM6DSL Gyroscope,2000,2751,0.15406155586242676,0.06589984893798828,0.4671797752380371,-1.2154974937438965,-1.5401134490966797,-4.833578586578369,0.9875333309173584,2.4009017944335938,8.048466682434082,0.02626720629632473,0.01466076634824276,-0.006719517987221479,-0.1264491081237793,-0.20830504596233368,-0.0403171069920063,0.11423180252313614,0.12400564551353455,0.05253441259264946,39.47317886352539,-8.218366622924805,0.0,15.5,21.299999237060547,2023-04-16T21:28:35.315+01:00
3,20kmh hard brake stop(0),2023-04-16T21:28:25.373+01:00,3,105.0,true,Mean Filter,1,2ccc978eef8e0f22,Pieter,samsung,samsung,SM-A515F,78.45320129394531,LSM6DSL Accelerometer,2000,17.45326042175293,LSM6DSL Gyroscope,2000,2752,0.06283581256866455,0.0629415512084961,0.24205994606018066,-1.2154974937438965,-1.5401134490966797,-4.833578586578369,0.9875333309173584,2.4009017944335938,8.048466682434082,0.0012217300245538354,0.0024434609804302454,0.006108651868999004,-0.1264491081237793,-0.20830504596233368,-0.0403171069920063,0.11423180252313614,0.12400564551353455,0.05253441259264946,39.47317886352539,-8.218366622924805,0.0,15.5,21.299999237060547,2023-04-16T21:28:35.437+01:00
3,20kmh hard brake stop(0),2023-04-16T21:28:25.373+01:00,3,105.0,true,Mean Filter,1,2ccc978eef8e0f22,Pieter,samsung,samsung,SM-A515F,78.45320129394531,LSM6DSL Accelerometer,2000,17.45326042175293,LSM6DSL Gyroscope,2000,2753,-0.1544853299856186,0.13927364349365234,-0.3415694236755371,-1.2154974937438965,-1.5401134490966797,-4.833578586578369,0.9875333309173584,2.4009017944335938,8.048466682434082,-0.025656340643763542,-0.014049900695681572,0.009773843921720982,-0.1264491081237793,-0.20830504596233368,-0.0403171069920063,0.11423180252313614,0.12400564551353455,0.05253441259264946,39.47317886352539,-8.218366622924805,0.0,15.5,21.299999237060547,2023-04-16T21:28:35.555+01:00
3,20kmh hard brake stop(0),2023-04-16T21:28:25.373+01:00,3,105.0,true,Mean Filter,1,2ccc978eef8e0f22,Pieter,samsung,samsung,SM-A515F,78.45320129394531,LSM6DSL Accelerometer,2000,17.45326042175293,LSM6DSL Gyroscope,2000,2754,-0.038687169551849365,0.24689292907714844,-0.3354015350341797,-1.2154974937438965,-1.5401134490966797,-4.833578586578369,0.9875333309173584,2.4009017944335938,8.048466682434082,-0.015882495790719986,-0.0036651920527219772,-0.0018325960263609886,-0.1264491081237793,-0.20830504596233368,-0.0403171069920063,0.11423180252313614,0.12400564551353455,0.05253441259264946,39.47317886352539,-8.218366622924805,0.0,15.5,21.299999237060547,2023-04-16T21:28:35.665+01:00
3,20kmh hard brake stop(0),2023-04-16T21:28:25.373+01:00,3,105.0,true,Mean Filter,1,2ccc978eef8e0f22,Pieter,samsung,samsung,SM-A515F,78.45320129394531,LSM6DSL Accelerometer,2000,17.45326042175293,LSM6DSL Gyroscope,2000,2755,-0.12019670009613037,0.2370166778564453,-0.35465335845947266,-1.2154974937438965,-1.5401134490966797,-4.833578586578369,0.9875333309173584,2.4009017944335938,8.048466682434082,0.005497787147760391,0.003054325934499502,-0.006108651868999004,-0.1264491081237793,-0.20830504596233368,-0.0403171069920063,0.11423180252313614,0.12400564551353455,0.05253441259264946,39.47317886352539,-8.218366622924805,0.0,15.5,21.299999237060547,2023-04-16T21:28:35.775+01:00
3,20kmh hard brake stop(0),2023-04-16T21:28:25.373+01:00,3,105.0,true,Mean Filter,1,2ccc978eef8e0f22,Pieter,samsung,samsung,SM-A515F,78.45320129394531,LSM6DSL Accelerometer,2000,17.45326042175293,LSM6DSL Gyroscope,2000,2756,0.11873424053192139,0.16742515563964844,0.35032153129577637,-1.2154974937438965,-1.5401134490966797,-4.833578586578369,0.9875333309173584,2.4009017944335938,8.048466682434082,0.028099801391363144,0.00427605677396059,-0.0018325960263609886,-0.1264491081237793,-0.20830504596233368,-0.0403171069920063,0.11423180252313614,0.12400564551353455,0.05253441259264946,39.47317886352539,-8.218366622924805,0.0,15.5,21.299999237060547,2023-04-16T21:28:35.886+01:00
3,20kmh hard brake stop(0),2023-04-16T21:28:25.373+01:00,3,105.0,true,Mean Filter,1,2ccc978eef8e0f22,Pieter,samsung,samsung,SM-A515F,78.45320129394531,LSM6DSL Accelerometer,2000,17.45326042175293,LSM6DSL Gyroscope,2000,2757,0.0898258239030838,-0.0073261260986328125,0.3673732280731201,-1.2154974937438965,-1.5401134490966797,-4.833578586578369,0.9875333309173584,2.4009017944335938,8.048466682434082,0.0024434609804302454,-0.0018325960263609886,0.0024434609804302454,-0.1264491081237793,-0.20830504596233368,-0.0403171069920063,0.11423180252313614,0.12400564551353455,0.05253441259264946,39.47317886352539,-8.218366622924805,0.0,15.5,21.299999237060547,2023-04-16T21:28:36.000+01:00
3,20kmh hard brake stop(0),2023-04-16T21:28:25.373+01:00,3,105.0,true,Mean Filter,1,2ccc978eef8e0f22,Pieter,samsung,samsung,SM-A515F,78.45320129394531,LSM6DSL Accelerometer,2000,17.45326042175293,LSM6DSL Gyroscope,2000,2758,-0.0016068520490080118,0.04984474182128906,0.2767472267150879,-1.2154974937438965,-1.5401134490966797,-4.833578586578369,0.9875333309173584,2.4009017944335938,8.048466682434082,-0.005497787147760391,-0.009162978269159794,0.00733038317412138,-0.1264491081237793,-0.20830504596233368,-0.0403171069920063,0.11423180252313614,0.12400564551353455,0.05253441259264946,39.47317886352539,-8.218366622924805,0.0,15.5,21.299999237060547,2023-04-16T21:28:36.117+01:00
3,20kmh hard brake stop(0),2023-04-16T21:28:25.373+01:00,3,105.0,true,Mean Filter,1,2ccc978eef8e0f22,Pieter,samsung,samsung,SM-A515F,78.45320129394531,LSM6DSL Accelerometer,2000,17.45326042175293,LSM6DSL Gyroscope,2000,2759,-0.10585341602563858,0.19791698455810547,-0.38612812757492065,-1.2154974937438965,-1.5401134490966797,-4.833578586578369,0.9875333309173584,2.4009017944335938,8.048466682434082,-0.02076941914856434,-0.009773843921720982,0.004886921960860491,-0.1264491081237793,-0.20830504596233368,-0.0403171069920063,0.11423180252313614,0.12400564551353455,0.05253441259264946,39.47317886352539,-8.218366622924805,0.0,15.5,21.299999237060547,2023-04-16T21:28:36.229+01:00
3,20kmh hard brake stop(0),2023-04-16T21:28:25.373+01:00,3,105.0,true,Mean Filter,1,2ccc978eef8e0f22,Pieter,samsung,samsung,SM-A515F,78.45320129394531,LSM6DSL Accelerometer,2000,17.45326042175293,LSM6DSL Gyroscope,2000,2760,-5.155350081622601E-4,0.23869800567626953,-0.2479916214942932,-1.2154974937438965,-1.5401134490966797,-4.833578586578369,0.9875333309173584,2.4009017944335938,8.048466682434082,-0.005497787147760391,-0.0036651920527219772,-0.0012217300245538354,-0.1264491081237793,-0.20830504596233368,-0.0403171069920063,0.11423180252313614,0.12400564551353455,0.05253441259264946,39.473182678222656,-8.218367576599121,0.0,14.5,21.299999237060547,2023-04-16T21:28:36.340+01:00
3,20kmh hard brake stop(0),2023-04-16T21:28:25.373+01:00,3,105.0,true,Mean Filter,1,2ccc978eef8e0f22,Pieter,samsung,samsung,SM-A515F,78.45320129394531,LSM6DSL Accelerometer,2000,17.45326042175293,LSM6DSL Gyroscope,2000,2761,0.11465807259082794,0.09038734436035156,0.4216010570526123,-1.2154974937438965,-1.5401134490966797,-4.833578586578369,0.9875333309173584,2.4009017944335938,8.048466682434082,0.030543262138962746,0.015882495790719986,-0.005497787147760391,-0.1264491081237793,-0.20830504596233368,-0.0403171069920063,0.11423180252313614,0.12400564551353455,0.05253441259264946,39.473182678222656,-8.218367576599121,0.0,14.5,21.299999237060547,2023-04-16T21:28:36.465+01:00
3,20kmh hard brake stop(0),2023-04-16T21:28:25.373+01:00,3,105.0,true,Mean Filter,1,2ccc978eef8e0f22,Pieter,samsung,samsung,SM-A515F,78.45320129394531,LSM6DSL Accelerometer,2000,17.45326042175293,LSM6DSL Gyroscope,2000,2762,0.0865507572889328,0.04967308044433594,0.5556610822677612,-1.2154974937438965,-1.5401134490966797,-4.833578586578369,0.9875333309173584,2.4009017944335938,8.048466682434082,0.015882495790719986,0.009773843921720982,-0.0018325960263609886,-0.1264491081237793,-0.20830504596233368,-0.0403171069920063,0.11423180252313614,0.12400564551353455,0.05253441259264946,39.473182678222656,-8.218367576599121,0.0,14.5,21.299999237060547,2023-04-16T21:28:36.576+01:00
3,20kmh hard brake stop(0),2023-04-16T21:28:25.373+01:00,3,105.0,true,Mean Filter,1,2ccc978eef8e0f22,Pieter,samsung,samsung,SM-A515F,78.45320129394531,LSM6DSL Accelerometer,2000,17.45326042175293,LSM6DSL Gyroscope,2000,2763,-0.07862463593482971,0.06451797485351562,0.05756425857543945,-1.2154974937438965,-1.5401134490966797,-4.833578586578369,0.9875333309173584,2.4009017944335938,8.048466682434082,-0.019547687843441963,-0.012828170321881771,0.009773843921720982,-0.1264491081237793,-0.20830504596233368,-0.0403171069920063,0.11423180252313614,0.12400564551353455,0.05253441259264946,39.473182678222656,-8.218367576599121,0.0,14.5,21.299999237060547,2023-04-16T21:28:36.688+01:00
3,20kmh hard brake stop(0),2023-04-16T21:28:25.373+01:00,3,105.0,true,Mean Filter,1,2ccc978eef8e0f22,Pieter,samsung,samsung,SM-A515F,78.45320129394531,LSM6DSL Accelerometer,2000,17.45326042175293,LSM6DSL Gyroscope,2000,2764,-0.1636681705713272,0.2448434829711914,-0.49023908376693726,-1.2154974937438965,-1.5401134490966797,-4.833578586578369,0.9875333309173584,2.4009017944335938,8.048466682434082,-0.02321287989616394,-0.018936822190880775,0.005497787147760391,-0.1264491081237793,-0.20830504596233368,-0.0403171069920063,0.11423180252313614,0.12400564551353455,0.05253441259264946,39.473182678222656,-8.218367576599121,0.0,14.5,21.299999237060547,2023-04-16T21:28:36.798+01:00
3,20kmh hard brake stop(0),2023-04-16T21:28:25.373+01:00,3,105.0,true,Mean Filter,1,2ccc978eef8e0f22,Pieter,samsung,samsung,SM-A515F,78.45320129394531,LSM6DSL Accelerometer,2000,17.45326042175293,LSM6DSL Gyroscope,2000,2765,-1.0972651243209839,0.8054075241088867,-1.1084855794906616,-1.2154974937438965,-1.5401134490966797,-4.833578586578369,0.9875333309173584,2.4009017944335938,8.048466682434082,0.0,-0.05742133408784866,-0.0024434609804302454,-0.1264491081237793,-0.20830504596233368,-0.0403171069920063,0.11423180252313614,0.12400564551353455,0.05253441259264946,39.473182678222656,-8.218367576599121,0.0,14.5,21.299999237060547,2023-04-16T21:28:36.904+01:00